<?xml version="1.0" encoding="UTF-8"?><?xml-stylesheet type='text/xsl' href='_UpgradeReport_Files/UpgradeReport.xslt'?><UpgradeLog>
<Properties><Property Name="Solution" Value="FI_DataStage">
</Property><Property Name="Solution File" Value="\\crenshaw\traders\India\AUTOMATION\FI_DataStage\FI_DataStage.sln">
</Property><Property Name="Date" Value="Wednesday, May 02, 2012">
</Property><Property Name="Time" Value="7:04:03 AM">
</Property><Property Name="Log Number" Value="2">
</Property></Properties><Event ErrorLevel="0" Project="ExpressCon" Source="ExpressCon\ExpressCon.csproj" Description="Project converted successfully">
</Event><Event ErrorLevel="3" Project="ExpressCon" Source="ExpressCon\ExpressCon.csproj" Description="Converted">
</Event><Event ErrorLevel="0" Project="ExpressCon" Source="ExpressCon\ExpressCon.csproj" Description="Scan complete: Upgrade not required for project files.">
</Event></UpgradeLog>