<?xml version="1.0" encoding="UTF-8"?><?xml-stylesheet type='text/xsl' href='_UpgradeReport_Files/UpgradeReport.xslt'?><UpgradeLog>
<Properties><Property Name="Solution" Value="FI_DataStage">
</Property><Property Name="Solution File" Value="\\crenshaw\traders\India\AUTOMATION\FI_DataStage\FI_DataStage.sln">
</Property><Property Name="User Options File" Value="\\crenshaw\traders\India\AUTOMATION\FI_DataStage\FI_DataStage.suo">
</Property><Property Name="Date" Value="Tuesday, January 03, 2012">
</Property><Property Name="Time" Value="4:58 AM">
</Property></Properties><Event ErrorLevel="0" Project="" Source="FI_DataStage.sln" Description="File successfully backed up as \\crenshaw\traders\India\AUTOMATION\FI_DataStage\Backup\FI_DataStage.sln">
</Event><Event ErrorLevel="0" Project="" Source="FI_DataStage.suo" Description="File successfully backed up as \\crenshaw\traders\India\AUTOMATION\FI_DataStage\Backup\FI_DataStage.suo">
</Event><Event ErrorLevel="0" Project="FI_DataStage" Source="FI_DataStage\FI_DataStage.csproj" Description="Project file successfully backed up as \\crenshaw\traders\India\AUTOMATION\FI_DataStage\Backup\FI_DataStage\FI_DataStage.csproj">
</Event><Event ErrorLevel="0" Project="FI_DataStage" Source="FI_DataStage\AccessDataSource.cs" Description="File successfully backed up as \\crenshaw\traders\India\AUTOMATION\FI_DataStage\Backup\FI_DataStage\AccessDataSource.cs">
</Event><Event ErrorLevel="0" Project="FI_DataStage" Source="FI_DataStage\CSVDataSource.cs" Description="File successfully backed up as \\crenshaw\traders\India\AUTOMATION\FI_DataStage\Backup\FI_DataStage\CSVDataSource.cs">
</Event><Event ErrorLevel="0" Project="FI_DataStage" Source="FI_DataStage\DataCleansing.cs" Description="File successfully backed up as \\crenshaw\traders\India\AUTOMATION\FI_DataStage\Backup\FI_DataStage\DataCleansing.cs">
</Event><Event ErrorLevel="0" Project="FI_DataStage" Source="FI_DataStage\DataLoad.cs" Description="File successfully backed up as \\crenshaw\traders\India\AUTOMATION\FI_DataStage\Backup\FI_DataStage\DataLoad.cs">
</Event><Event ErrorLevel="0" Project="FI_DataStage" Source="FI_DataStage\Form1.cs" Description="File successfully backed up as \\crenshaw\traders\India\AUTOMATION\FI_DataStage\Backup\FI_DataStage\Form1.cs">
</Event><Event ErrorLevel="0" Project="FI_DataStage" Source="FI_DataStage\Form1.Designer.cs" Description="File successfully backed up as \\crenshaw\traders\India\AUTOMATION\FI_DataStage\Backup\FI_DataStage\Form1.Designer.cs">
</Event><Event ErrorLevel="0" Project="FI_DataStage" Source="FI_DataStage\IDataSource.cs" Description="File successfully backed up as \\crenshaw\traders\India\AUTOMATION\FI_DataStage\Backup\FI_DataStage\IDataSource.cs">
</Event><Event ErrorLevel="0" Project="FI_DataStage" Source="FI_DataStage\Program.cs" Description="File successfully backed up as \\crenshaw\traders\India\AUTOMATION\FI_DataStage\Backup\FI_DataStage\Program.cs">
</Event><Event ErrorLevel="0" Project="FI_DataStage" Source="FI_DataStage\Properties\AssemblyInfo.cs" Description="File successfully backed up as \\crenshaw\traders\India\AUTOMATION\FI_DataStage\Backup\FI_DataStage\Properties\AssemblyInfo.cs">
</Event><Event ErrorLevel="0" Project="FI_DataStage" Source="FI_DataStage\Properties\Resources.Designer.cs" Description="File successfully backed up as \\crenshaw\traders\India\AUTOMATION\FI_DataStage\Backup\FI_DataStage\Properties\Resources.Designer.cs">
</Event><Event ErrorLevel="0" Project="FI_DataStage" Source="FI_DataStage\Properties\Settings.Designer.cs" Description="File successfully backed up as \\crenshaw\traders\India\AUTOMATION\FI_DataStage\Backup\FI_DataStage\Properties\Settings.Designer.cs">
</Event><Event ErrorLevel="0" Project="FI_DataStage" Source="FI_DataStage\TextDataSource.cs" Description="File successfully backed up as \\crenshaw\traders\India\AUTOMATION\FI_DataStage\Backup\FI_DataStage\TextDataSource.cs">
</Event><Event ErrorLevel="0" Project="FI_DataStage" Source="FI_DataStage\XMLDataSource.cs" Description="File successfully backed up as \\crenshaw\traders\India\AUTOMATION\FI_DataStage\Backup\FI_DataStage\XMLDataSource.cs">
</Event><Event ErrorLevel="0" Project="FI_DataStage" Source="FI_DataStage\FIDataStageClasses.cd" Description="File successfully backed up as \\crenshaw\traders\India\AUTOMATION\FI_DataStage\Backup\FI_DataStage\FIDataStageClasses.cd">
</Event><Event ErrorLevel="0" Project="FI_DataStage" Source="FI_DataStage\Properties\Settings.settings" Description="File successfully backed up as \\crenshaw\traders\India\AUTOMATION\FI_DataStage\Backup\FI_DataStage\Properties\Settings.settings">
</Event><Event ErrorLevel="0" Project="FI_DataStage" Source="FI_DataStage\Form1.resx" Description="File successfully backed up as \\crenshaw\traders\India\AUTOMATION\FI_DataStage\Backup\FI_DataStage\Form1.resx">
</Event><Event ErrorLevel="0" Project="FI_DataStage" Source="FI_DataStage\Properties\Resources.resx" Description="File successfully backed up as \\crenshaw\traders\India\AUTOMATION\FI_DataStage\Backup\FI_DataStage\Properties\Resources.resx">
</Event><Event ErrorLevel="0" Project="FI_DataStage" Source="FI_DataStage\FI_DataStage.csproj" Description="Project converted successfully">
</Event><Event ErrorLevel="3" Project="FI_DataStage" Source="FI_DataStage\FI_DataStage.csproj" Description="Converted">
</Event><Event ErrorLevel="0" Project="Scheduler" Source="Scheduler\Scheduler.csproj" Description="Project file successfully backed up as \\crenshaw\traders\India\AUTOMATION\FI_DataStage\Backup\Scheduler\Scheduler.csproj">
</Event><Event ErrorLevel="0" Project="Scheduler" Source="Scheduler\Form1.cs" Description="File successfully backed up as \\crenshaw\traders\India\AUTOMATION\FI_DataStage\Backup\Scheduler\Form1.cs">
</Event><Event ErrorLevel="0" Project="Scheduler" Source="Scheduler\Form1.Designer.cs" Description="File successfully backed up as \\crenshaw\traders\India\AUTOMATION\FI_DataStage\Backup\Scheduler\Form1.Designer.cs">
</Event><Event ErrorLevel="0" Project="Scheduler" Source="Scheduler\Program.cs" Description="File successfully backed up as \\crenshaw\traders\India\AUTOMATION\FI_DataStage\Backup\Scheduler\Program.cs">
</Event><Event ErrorLevel="0" Project="Scheduler" Source="Scheduler\Properties\AssemblyInfo.cs" Description="File successfully backed up as \\crenshaw\traders\India\AUTOMATION\FI_DataStage\Backup\Scheduler\Properties\AssemblyInfo.cs">
</Event><Event ErrorLevel="0" Project="Scheduler" Source="Scheduler\Properties\Resources.Designer.cs" Description="File successfully backed up as \\crenshaw\traders\India\AUTOMATION\FI_DataStage\Backup\Scheduler\Properties\Resources.Designer.cs">
</Event><Event ErrorLevel="0" Project="Scheduler" Source="Scheduler\Properties\Settings.Designer.cs" Description="File successfully backed up as \\crenshaw\traders\India\AUTOMATION\FI_DataStage\Backup\Scheduler\Properties\Settings.Designer.cs">
</Event><Event ErrorLevel="0" Project="Scheduler" Source="Scheduler\TaskScheduler.cs" Description="File successfully backed up as \\crenshaw\traders\India\AUTOMATION\FI_DataStage\Backup\Scheduler\TaskScheduler.cs">
</Event><Event ErrorLevel="0" Project="Scheduler" Source="Scheduler\Properties\Settings.settings" Description="File successfully backed up as \\crenshaw\traders\India\AUTOMATION\FI_DataStage\Backup\Scheduler\Properties\Settings.settings">
</Event><Event ErrorLevel="0" Project="Scheduler" Source="Scheduler\Form1.resx" Description="File successfully backed up as \\crenshaw\traders\India\AUTOMATION\FI_DataStage\Backup\Scheduler\Form1.resx">
</Event><Event ErrorLevel="0" Project="Scheduler" Source="Scheduler\Properties\Resources.resx" Description="File successfully backed up as \\crenshaw\traders\India\AUTOMATION\FI_DataStage\Backup\Scheduler\Properties\Resources.resx">
</Event><Event ErrorLevel="0" Project="Scheduler" Source="Scheduler\Scheduler.csproj" Description="Project converted successfully">
</Event><Event ErrorLevel="3" Project="Scheduler" Source="Scheduler\Scheduler.csproj" Description="Converted">
</Event><Event ErrorLevel="0" Project="" Source="FI_DataStage.sln" Description="Solution converted successfully">
</Event><Event ErrorLevel="3" Project="" Source="FI_DataStage.sln" Description="Converted">
</Event><Event ErrorLevel="0" Project="FI_DataStage" Source="FI_DataStage\FI_DataStage.csproj" Description="Scan complete: Upgrade not required for project files.">
</Event><Event ErrorLevel="0" Project="Scheduler" Source="Scheduler\Scheduler.csproj" Description="Scan complete: Upgrade not required for project files.">
</Event></UpgradeLog>